,Nome,Cognome,Email
,Mario,Rossi,mario.rossi@azienda.com
,Giulia,Bianchi,giulia.bianchi@azienda.com
,Luca,Verdi,luca.verdi@azienda.com
,Anna,Neri,anna.neri@azienda.com
,Paolo,Blu,paolo.blu@azienda.com
,Sofia,Gialli,sofia.gialli@azienda.com
,Marco,Rosa,marco.rosa@azienda.com
,Elena,Azzurri,elena.azzurri@azienda.com
,Francesco,Viola,francesco.viola@azienda.com
,Chiara,Arancioni,chiara.arancioni@azienda.com
